{
    "id":1,
    "length":70,
    "level":{
        "objects": {
                "bush":[
                    [3,12],
                    [17,12],
                    [24,12],
                    [34,12],
                    [40,12],
                    [44,12]
                ],
                "sky":[
                    [48,13],
                    [49,13],
                    [48,14],
                    [49,14]
                ],
                "cloud":[
                [3,4],
                [10,5],
                [13,3]
                ],
                "pipe":[
                    [8,10,4],
                    [12,12,4],
                    [22,12,4],
                    [29,9,6],
                    [34,10,4],
                    [38,12,4]
                ],
                "ground":[
                    [40,9],
                    [41,9],
                    [42,9],
                    [43,9],
                    [44,9],
                    [45,9],
                    [45,9],
                    [46,9],
                    [47,9],
                    [50,9],
                    [51,9],
                    [52,9],
                    [53,9],
                    [54,9],
                    [55,9],
                    [54,8],
                    [55,8],
                    [56,8],
                    [57,8],
                    [58,8],
                    [59,8],
                    [47,12]
                ]
            },
        "layers": {
                "sky":{
                    "x":[0,70],
                    "y":[0,13]
                },
                "ground":{
                    "x":[0,70],
                    "y":[14,16]
                }
            },
        "entities":{
            "CoinBox":[
                [4,8],
                [42,5],
                [56,2]
            ],
            "coinBrick":[
                [37,9]
            ],
            "coin":[
                [21,8],
                [22,8],
                [23,8],
                [24,8],
                [21,7],
                [22,7],
                [23,7],
                [24,7],
                [59,9],
                [59,10],
                [59,11],
                [59,12],
                [58,9],
                [58,10],
                [58,11],
                [58,12],
                [57,9],
                [57,10],
                [57,11],
                [57,12],
                [56,9],
                [56,10],
                [56,11],
                [56,12]
            ],
            "Goomba":[
                [12,12],
                [12,15],
                [10,8],
                [12,12],
                [12,15],
                [10,8],
                [12,12],
                [12,15],
                [10,8],
                [12,12],
                [12,15],
                [10,8]
            ],
            "Koopa":[
                [12,25],
                [12,22],
                [12,33],
                [12,40],
                [12,25],
                [12,22],
                [12,33],
                [12,40],  [12,25],
                [12,22],
                [12,33],
                [12,40],
                [12,25],
                [12,22],
                [12,33],
                [12,40]

            ],
            "RandomBox":[
              [4, 3, "RedMushroom"],
              [52, 2, "RedMushroom"],
              [28, 4, "RedMushroom"]
            ]
        
        }    
    }
}